               epoch,      train/box_loss,      train/obj_loss,      train/cls_loss,   metrics/precision,      metrics/recall,     metrics/mAP_0.5,metrics/mAP_0.5:0.95,        val/box_loss,        val/obj_loss,        val/cls_loss,               x/lr0,               x/lr1,               x/lr2
                   0,             0.11764,            0.028162,                   0,          0.00079568,            0.052632,          0.00015771,          3.1542e-05,             0.11629,            0.028974,                   0,               6e-05,               6e-05,             0.09946
                   1,             0.11416,            0.023878,                   0,           0.0027965,            0.052632,           0.0002974,           5.948e-05,             0.11335,            0.023388,                   0,             0.00013,             0.00013,             0.09883
                   2,             0.11261,            0.020274,                   0,           0.0018435,            0.052632,          0.00022355,           4.471e-05,             0.11055,            0.020649,                   0,          0.00019998,          0.00019998,              0.0982
                   3,             0.10993,            0.016889,                   0,            0.019368,            0.052632,           0.0020337,          0.00057537,             0.10813,            0.019435,                   0,          0.00026994,          0.00026994,             0.09757
                   4,             0.10063,            0.016855,                   0,           0.0027386,             0.10526,          0.00068668,          8.8689e-05,               0.104,            0.019146,                   0,          0.00033987,          0.00033987,             0.09694
                   5,            0.094387,            0.016774,                   0,           0.0055775,            0.052632,           0.0016919,          0.00056072,            0.097008,            0.020062,                   0,          0.00040975,          0.00040975,             0.09631
                   6,            0.087479,            0.017399,                   0,             0.10828,            0.052632,            0.020037,            0.002863,            0.092015,            0.020384,                   0,          0.00047957,          0.00047957,             0.09568
                   7,            0.078539,            0.018754,                   0,             0.20547,             0.15789,            0.045762,            0.010888,            0.085686,             0.02121,                   0,          0.00054934,          0.00054934,            0.095049
                   8,            0.074646,            0.018302,                   0,            0.081672,             0.10526,            0.023721,           0.0056801,            0.082345,             0.02131,                   0,          0.00061902,          0.00061902,            0.094419
                   9,            0.071239,            0.018443,                   0,            0.058658,             0.21053,            0.027384,           0.0072327,            0.080709,            0.021441,                   0,          0.00068862,          0.00068862,            0.093789
                  10,            0.069061,            0.017659,                   0,            0.097621,             0.26316,            0.078451,            0.018679,            0.075644,            0.021775,                   0,          0.00075813,          0.00075813,            0.093158
                  11,            0.071212,            0.016966,                   0,            0.044766,             0.31579,            0.024039,           0.0055758,            0.078606,            0.020443,                   0,          0.00082752,          0.00082752,            0.092528
                  12,            0.066353,            0.017063,                   0,            0.056158,             0.42105,            0.037387,           0.0091006,            0.079374,            0.019521,                   0,          0.00089681,          0.00089681,            0.091897
                  13,            0.063155,             0.01646,                   0,             0.15617,            0.049317,            0.032487,           0.0084584,            0.075592,            0.019841,                   0,          0.00096596,          0.00096596,            0.091266
                  14,            0.066375,             0.01606,                   0,            0.098854,             0.15034,            0.036664,           0.0065878,            0.084263,              0.0168,                   0,            0.001035,            0.001035,            0.090635
                  15,             0.06428,            0.016389,                   0,             0.14385,             0.21053,            0.068006,             0.01503,            0.075764,            0.017849,                   0,           0.0011039,           0.0011039,            0.090004
                  16,            0.064867,            0.015233,                   0,             0.19854,             0.31579,            0.081292,            0.014881,             0.08457,            0.016371,                   0,           0.0011726,           0.0011726,            0.089373
                  17,            0.062085,            0.015114,                   0,             0.99476,             0.15789,             0.22539,            0.063865,            0.074096,            0.017755,                   0,           0.0012411,           0.0012411,            0.088741
                  18,            0.061037,            0.014159,                   0,             0.20714,             0.26133,             0.14041,            0.052812,            0.072153,            0.017717,                   0,           0.0013095,           0.0013095,            0.088109
                  19,            0.056731,            0.014462,                   0,             0.21941,             0.21053,             0.14558,            0.047715,            0.072193,            0.017631,                   0,           0.0013777,           0.0013777,            0.087478
                  20,            0.064519,            0.013294,                   0,             0.24101,             0.42105,             0.18534,            0.066305,            0.076598,            0.016938,                   0,           0.0014456,           0.0014456,            0.086846
                  21,            0.060288,            0.012371,                   0,            0.066013,             0.21053,            0.050827,            0.022817,            0.077927,            0.016131,                   0,           0.0015134,           0.0015134,            0.086213
                  22,            0.061409,            0.013529,                   0,              0.3834,             0.26316,             0.16969,            0.040378,            0.076666,            0.016589,                   0,            0.001581,            0.001581,            0.085581
                  23,            0.063245,            0.012685,                   0,             0.18297,             0.26316,             0.11169,            0.042224,            0.077474,            0.016007,                   0,           0.0016483,           0.0016483,            0.084948
                  24,            0.054304,            0.012453,                   0,             0.11721,             0.42105,            0.091856,            0.024078,            0.078187,            0.014715,                   0,           0.0017154,           0.0017154,            0.084315
                  25,            0.063991,             0.01161,                   0,             0.33294,             0.21053,             0.14162,            0.036804,            0.077379,            0.015283,                   0,           0.0017822,           0.0017822,            0.083682
                  26,            0.057164,            0.012634,                   0,             0.29127,             0.36773,              0.1572,            0.074089,            0.069409,            0.016308,                   0,           0.0018488,           0.0018488,            0.083049
                  27,            0.061758,            0.011794,                   0,             0.31758,             0.36842,             0.19637,            0.082038,             0.07096,            0.016434,                   0,           0.0019152,           0.0019152,            0.082415
                  28,            0.056267,             0.01172,                   0,             0.33322,             0.36842,             0.19636,            0.081658,            0.070864,            0.016083,                   0,           0.0019812,           0.0019812,            0.081781
                  29,            0.058661,            0.011735,                   0,             0.23203,             0.36842,             0.15867,             0.05191,            0.070947,             0.01584,                   0,            0.002047,            0.002047,            0.081147
                  30,            0.053793,            0.011823,                   0,              0.2687,             0.36747,             0.18621,            0.082517,            0.077349,            0.014948,                   0,           0.0021124,           0.0021124,            0.080512
                  31,            0.059329,            0.011475,                   0,              0.2493,             0.41952,             0.23013,            0.075031,            0.072355,            0.014615,                   0,           0.0021776,           0.0021776,            0.079878
                  32,            0.054255,            0.010967,                   0,             0.27897,             0.36661,             0.22326,             0.10469,            0.068893,            0.014889,                   0,           0.0022424,           0.0022424,            0.079242
                  33,            0.056645,            0.010026,                   0,              0.3991,             0.31579,             0.22773,            0.086532,            0.071677,            0.014743,                   0,           0.0023069,           0.0023069,            0.078607
                  34,            0.051733,             0.01058,                   0,             0.38853,             0.36842,             0.28986,            0.089748,            0.068628,            0.014683,                   0,           0.0023711,           0.0023711,            0.077971
                  35,            0.058819,            0.010019,                   0,             0.16485,             0.57895,             0.18025,            0.070952,            0.072008,            0.014217,                   0,            0.002435,            0.002435,            0.077335
                  36,            0.053371,            0.010747,                   0,             0.45447,             0.26316,             0.20189,            0.072275,            0.072707,            0.013922,                   0,           0.0024985,           0.0024985,            0.076698
                  37,            0.059681,            0.010239,                   0,             0.39128,             0.47368,             0.31774,             0.12746,            0.074608,            0.012909,                   0,           0.0025616,           0.0025616,            0.076062
                  38,             0.05277,            0.010504,                   0,             0.29995,             0.47358,             0.30528,             0.14307,            0.069758,            0.014097,                   0,           0.0026244,           0.0026244,            0.075424
                  39,            0.059402,           0.0099863,                   0,             0.41141,             0.36842,             0.22582,             0.10668,            0.075276,            0.013241,                   0,           0.0026867,           0.0026867,            0.074787
                  40,            0.055409,            0.010503,                   0,             0.27721,             0.26316,             0.16004,            0.056031,            0.078783,             0.01275,                   0,           0.0027487,           0.0027487,            0.074149
                  41,            0.054864,           0.0097007,                   0,             0.69075,             0.47368,             0.37339,             0.13247,            0.067732,            0.013573,                   0,           0.0028103,           0.0028103,             0.07351
                  42,            0.051458,           0.0091667,                   0,             0.29001,             0.47368,              0.1717,            0.036394,            0.076259,             0.01318,                   0,           0.0028715,           0.0028715,            0.072872
                  43,            0.053439,           0.0087859,                   0,             0.34953,             0.36842,             0.17384,            0.055102,            0.083995,             0.01348,                   0,           0.0029323,           0.0029323,            0.072232
                  44,            0.054628,           0.0091459,                   0,             0.36827,             0.36842,             0.27676,            0.051473,            0.072454,            0.013406,                   0,           0.0029926,           0.0029926,            0.071593
                  45,            0.048743,           0.0091666,                   0,             0.21395,             0.47368,             0.15848,            0.065537,             0.07924,             0.01252,                   0,           0.0030526,           0.0030526,            0.070953
                  46,            0.053513,           0.0087868,                   0,             0.52566,             0.52501,             0.40249,             0.12003,            0.068035,            0.012744,                   0,            0.003112,            0.003112,            0.070312
                  47,            0.056159,           0.0089075,                   0,             0.33315,             0.36842,             0.23051,             0.10293,            0.068604,             0.01413,                   0,           0.0031711,           0.0031711,            0.069671
                  48,            0.051757,           0.0088258,                   0,             0.26194,             0.52632,             0.20162,            0.073693,            0.077141,            0.012011,                   0,           0.0032296,           0.0032296,             0.06903
                  49,            0.055393,            0.008358,                   0,             0.56238,             0.47347,             0.30694,            0.090305,            0.073202,             0.01193,                   0,           0.0032877,           0.0032877,            0.068388
                  50,            0.062186,           0.0083683,                   0,             0.55544,             0.52632,             0.35913,             0.13995,            0.068923,            0.011965,                   0,           0.0033454,           0.0033454,            0.067745
                  51,            0.049647,           0.0090256,                   0,             0.29766,             0.47368,             0.22006,            0.083469,            0.066925,            0.012365,                   0,           0.0034025,           0.0034025,            0.067103
                  52,            0.051499,           0.0083593,                   0,             0.31188,             0.52632,             0.21453,            0.079531,            0.075129,            0.011515,                   0,           0.0034592,           0.0034592,            0.066459
                  53,            0.057153,           0.0085643,                   0,             0.44998,             0.47365,             0.25009,            0.085522,             0.06788,            0.012632,                   0,           0.0035153,           0.0035153,            0.065815
                  54,             0.04835,           0.0087117,                   0,             0.27467,             0.57895,             0.27177,            0.082145,            0.070893,            0.013103,                   0,            0.003571,            0.003571,            0.065171
                  55,            0.054126,           0.0084178,                   0,             0.41123,             0.36842,             0.20339,            0.085211,            0.071748,            0.012202,                   0,           0.0036261,           0.0036261,            0.064526
                  56,            0.050946,           0.0080259,                   0,             0.30996,             0.47368,              0.3085,            0.076792,            0.066878,            0.012154,                   0,           0.0036808,           0.0036808,            0.063881
                  57,            0.050581,            0.008443,                   0,             0.45416,             0.52632,             0.29383,             0.12226,            0.068939,              0.0119,                   0,           0.0037349,           0.0037349,            0.063235
                  58,            0.055885,           0.0083439,                   0,             0.74983,             0.47368,             0.39701,               0.136,            0.064436,            0.013136,                   0,           0.0037884,           0.0037884,            0.062588
                  59,            0.053468,           0.0085441,                   0,             0.28539,              0.4204,             0.20423,            0.045601,            0.071985,            0.012013,                   0,           0.0038414,           0.0038414,            0.061941
                  60,            0.049722,           0.0081247,                   0,             0.43459,             0.52632,             0.36362,             0.11862,            0.065719,            0.012114,                   0,           0.0038939,           0.0038939,            0.061294
                  61,            0.048605,            0.008187,                   0,             0.66655,             0.52605,             0.42444,             0.16605,            0.063354,            0.011939,                   0,           0.0039458,           0.0039458,            0.060646
                  62,            0.048098,           0.0077201,                   0,             0.41595,             0.52632,             0.37437,              0.1226,             0.06629,            0.011048,                   0,           0.0039971,           0.0039971,            0.059997
                  63,            0.051447,             0.00756,                   0,             0.57102,             0.42105,             0.35791,             0.10743,            0.071153,            0.010902,                   0,           0.0040479,           0.0040479,            0.059348
                  64,            0.054633,           0.0077811,                   0,             0.41626,             0.52632,             0.37599,             0.15453,              0.0657,            0.011311,                   0,           0.0040981,           0.0040981,            0.058698
                  65,            0.048428,           0.0078649,                   0,             0.58273,             0.36758,             0.30213,            0.092509,             0.07131,            0.010929,                   0,           0.0041477,           0.0041477,            0.058048
                  66,            0.048243,           0.0070164,                   0,             0.57763,             0.57895,             0.37925,             0.11353,            0.067618,            0.010841,                   0,           0.0041967,           0.0041967,            0.057397
                  67,            0.050498,           0.0072465,                   0,             0.56227,             0.47368,             0.34193,              0.1161,            0.066821,            0.011519,                   0,           0.0042451,           0.0042451,            0.056745
                  68,            0.051285,           0.0078276,                   0,             0.41584,             0.52632,             0.34348,             0.12255,            0.065223,            0.011865,                   0,           0.0042929,           0.0042929,            0.056093
                  69,            0.046862,           0.0082159,                   0,             0.56241,             0.47353,             0.36155,             0.15613,            0.064214,            0.011895,                   0,           0.0043401,           0.0043401,             0.05544
                  70,            0.047807,           0.0067625,                   0,             0.52922,             0.47368,             0.30376,             0.14617,            0.063875,            0.011239,                   0,           0.0043867,           0.0043867,            0.054787
                  71,            0.048432,            0.007487,                   0,             0.49975,             0.42105,              0.2612,            0.093059,            0.071927,            0.011582,                   0,           0.0044327,           0.0044327,            0.054133
                  72,            0.049747,           0.0072214,                   0,             0.52918,             0.47368,             0.29716,             0.12645,            0.067204,            0.011602,                   0,            0.004478,            0.004478,            0.053478
                  73,            0.048098,           0.0075605,                   0,             0.61537,             0.42103,             0.32406,             0.10496,            0.067281,            0.011085,                   0,           0.0045227,           0.0045227,            0.052823
                  74,            0.048041,           0.0073057,                   0,               0.588,             0.52584,             0.37475,             0.17773,            0.061471,            0.010694,                   0,           0.0045667,           0.0045667,            0.052167
                  75,            0.047087,           0.0074429,                   0,             0.45448,             0.52617,             0.28273,             0.12974,             0.06431,            0.011893,                   0,           0.0046101,           0.0046101,             0.05151
                  76,            0.044798,           0.0070838,                   0,             0.58741,             0.52632,             0.35874,             0.11811,            0.065694,              0.0118,                   0,           0.0046529,           0.0046529,            0.050853
                  77,            0.048083,           0.0070607,                   0,             0.58328,             0.36842,             0.28908,            0.089138,            0.071713,             0.01183,                   0,            0.004695,            0.004695,            0.050195
                  78,            0.043581,           0.0065872,                   0,             0.71421,             0.52632,             0.43312,             0.12551,            0.062296,            0.011442,                   0,           0.0047364,           0.0047364,            0.049536
                  79,            0.048043,           0.0069164,                   0,             0.58817,             0.52632,             0.36731,            0.095217,            0.065847,            0.011255,                   0,           0.0047772,           0.0047772,            0.048877
                  80,            0.050638,           0.0073021,                   0,             0.66659,             0.52614,             0.36533,             0.14984,             0.06345,            0.011107,                   0,           0.0048173,           0.0048173,            0.048217
                  81,            0.042638,           0.0071614,                   0,             0.58747,             0.52632,             0.40437,             0.15293,            0.062348,            0.011732,                   0,           0.0048567,           0.0048567,            0.047557
                  82,            0.047521,           0.0071255,                   0,             0.71389,             0.52632,             0.39419,             0.19025,            0.066032,            0.010985,                   0,           0.0048954,           0.0048954,            0.046895
                  83,            0.045632,           0.0074422,                   0,             0.66648,             0.52632,             0.40348,             0.16967,            0.065218,             0.01101,                   0,           0.0049335,           0.0049335,            0.046233
                  84,            0.048242,           0.0071758,                   0,             0.52916,             0.47368,             0.30333,            0.096696,            0.068727,             0.01114,                   0,           0.0049708,           0.0049708,            0.045571
                  85,            0.047275,           0.0071553,                   0,             0.52516,               0.524,             0.30487,              0.1117,            0.066561,            0.012376,                   0,           0.0050075,           0.0050075,            0.044907
                  86,            0.047569,             0.00703,                   0,             0.53836,             0.36829,             0.29386,            0.085749,            0.069832,            0.013605,                   0,           0.0050435,           0.0050435,            0.044243
                  87,            0.046799,           0.0067256,                   0,             0.52373,             0.57895,             0.48237,             0.18598,             0.06254,            0.011187,                   0,           0.0050787,           0.0050787,            0.043579
                  88,            0.042464,           0.0065604,                   0,             0.52609,             0.52632,             0.39276,             0.12795,            0.064706,            0.011215,                   0,           0.0051133,           0.0051133,            0.042913
                  89,            0.046635,           0.0069562,                   0,             0.64256,             0.47368,             0.42161,             0.16197,            0.064101,            0.011253,                   0,           0.0051471,           0.0051471,            0.042247
                  90,            0.044639,           0.0071651,                   0,             0.56236,             0.47368,             0.34881,             0.12684,            0.066658,            0.011488,                   0,           0.0051802,           0.0051802,             0.04158
                  91,            0.045235,           0.0072848,                   0,             0.85592,             0.31579,              0.3761,             0.12924,            0.070182,            0.012457,                   0,           0.0052127,           0.0052127,            0.040913
                  92,            0.043251,           0.0067173,                   0,             0.38853,             0.47368,             0.30431,             0.12311,            0.063239,            0.010785,                   0,           0.0052443,           0.0052443,            0.040244
                  93,            0.044753,           0.0069215,                   0,             0.52625,             0.52619,             0.38097,             0.14057,            0.061265,            0.010753,                   0,           0.0052753,           0.0052753,            0.039575
                  94,            0.044693,           0.0067662,                   0,             0.49955,             0.52632,             0.39993,             0.13481,            0.065461,            0.010739,                   0,           0.0053055,           0.0053055,            0.038906
                  95,            0.045451,           0.0069748,                   0,              0.6427,             0.47368,             0.43011,             0.19297,            0.061112,            0.011057,                   0,            0.005335,            0.005335,            0.038235
                  96,            0.043997,           0.0068793,                   0,              0.4732,             0.47368,             0.33859,             0.12382,            0.063878,            0.011384,                   0,           0.0053638,           0.0053638,            0.037564
                  97,            0.043421,           0.0067131,                   0,             0.52901,             0.47368,             0.36168,             0.15563,            0.065837,            0.011126,                   0,           0.0053918,           0.0053918,            0.036892
                  98,            0.044276,           0.0065364,                   0,             0.43676,             0.36842,             0.25064,            0.092414,            0.075082,            0.010822,                   0,           0.0054191,           0.0054191,            0.036219
                  99,            0.043506,           0.0069123,                   0,             0.55536,             0.52592,             0.43035,             0.17484,            0.067406,            0.011324,                   0,           0.0054457,           0.0054457,            0.035546
                 100,            0.050244,           0.0063319,                   0,             0.41611,             0.52632,             0.38357,             0.13014,             0.07231,            0.011075,                   0,           0.0054715,           0.0054715,            0.034871
                 101,            0.042495,           0.0071483,                   0,              0.4228,             0.57831,             0.44029,             0.13008,            0.069865,            0.011323,                   0,           0.0054966,           0.0054966,            0.034197
                 102,            0.045055,             0.00639,                   0,             0.71266,             0.26316,             0.29077,             0.14628,            0.072773,             0.01186,                   0,           0.0055209,           0.0055209,            0.033521
                 103,            0.046367,           0.0068677,                   0,             0.53681,             0.36616,                0.28,             0.11065,            0.073535,            0.012066,                   0,           0.0055444,           0.0055444,            0.032844
                 104,            0.042549,           0.0069883,                   0,             0.30677,             0.42105,             0.23141,            0.098829,            0.073552,            0.011861,                   0,           0.0055673,           0.0055673,            0.032167
                 105,            0.044017,           0.0066331,                   0,             0.41163,             0.36842,             0.32598,              0.1346,            0.071624,            0.011478,                   0,           0.0055893,           0.0055893,            0.031489
                 106,             0.04436,           0.0069316,                   0,             0.49906,             0.26316,             0.22034,            0.095503,            0.074748,            0.011428,                   0,           0.0056106,           0.0056106,            0.030811
                 107,            0.043608,           0.0062159,                   0,             0.49924,             0.47368,             0.39708,             0.11945,            0.072604,            0.011656,                   0,           0.0056312,           0.0056312,            0.030131
                 108,            0.042369,           0.0063159,                   0,             0.41076,             0.36842,             0.23438,             0.10334,            0.075225,            0.011093,                   0,            0.005651,            0.005651,            0.029451
                 109,            0.039785,           0.0058347,                   0,              0.5878,             0.52632,             0.40373,             0.20493,            0.062409,           0.0099449,                   0,             0.00567,             0.00567,             0.02877
                 110,             0.04059,           0.0065081,                   0,             0.69177,             0.47368,              0.4083,             0.17295,            0.067496,            0.010406,                   0,           0.0056883,           0.0056883,            0.028088
                 111,            0.044726,           0.0063923,                   0,             0.57893,             0.57895,             0.41505,             0.15516,            0.063042,            0.010185,                   0,           0.0057059,           0.0057059,            0.027406
                 112,             0.04455,           0.0068486,                   0,             0.69174,             0.47368,             0.39464,               0.175,            0.064668,            0.010833,                   0,           0.0057226,           0.0057226,            0.026723
                 113,            0.045773,            0.006645,                   0,             0.74894,             0.47368,              0.4271,             0.17459,            0.064401,            0.010426,                   0,           0.0057386,           0.0057386,            0.026039
                 114,            0.042515,           0.0067489,                   0,             0.57087,             0.42105,              0.3195,             0.15611,            0.066931,            0.011206,                   0,           0.0057539,           0.0057539,            0.025354
                 115,            0.043541,           0.0061032,                   0,             0.45786,             0.57789,             0.36337,             0.14529,            0.063787,            0.011883,                   0,           0.0057684,           0.0057684,            0.024668
                 116,            0.045622,           0.0061752,                   0,             0.35246,             0.31579,             0.17755,            0.058814,            0.074387,            0.014318,                   0,           0.0057821,           0.0057821,            0.023982
                 117,            0.045272,           0.0068939,                   0,              0.5624,             0.47368,             0.33945,             0.17279,            0.060805,            0.012808,                   0,           0.0057951,           0.0057951,            0.023295
                 118,            0.039963,           0.0067707,                   0,             0.57089,             0.42105,             0.34182,             0.13197,            0.067365,            0.012798,                   0,           0.0058073,           0.0058073,            0.022607
                 119,            0.038578,           0.0063959,                   0,             0.52379,             0.57895,             0.42571,              0.1415,            0.067223,            0.010827,                   0,           0.0058187,           0.0058187,            0.021919
                 120,            0.041119,            0.006816,                   0,             0.74622,             0.47368,             0.49502,             0.18105,            0.062978,            0.011207,                   0,           0.0058294,           0.0058294,            0.021229
                 121,            0.043088,            0.005785,                   0,             0.66662,             0.42105,             0.40535,             0.16814,            0.061966,            0.012529,                   0,           0.0058394,           0.0058394,            0.020539
                 122,            0.041611,           0.0064174,                   0,             0.66626,             0.42105,             0.45084,             0.19257,            0.063978,            0.012727,                   0,           0.0058486,           0.0058486,            0.019849
                 123,            0.040424,           0.0064169,                   0,              0.4736,             0.47368,             0.32621,             0.11785,            0.068788,            0.011977,                   0,            0.005857,            0.005857,            0.019157
                 124,            0.039414,           0.0063042,                   0,             0.34591,             0.47368,             0.27542,             0.10857,            0.070011,            0.011632,                   0,           0.0058647,           0.0058647,            0.018465
                 125,            0.037761,           0.0062759,                   0,             0.56222,             0.47368,             0.35216,             0.14397,            0.068829,             0.01125,                   0,           0.0058716,           0.0058716,            0.017772
                 126,            0.042188,           0.0064061,                   0,             0.56238,             0.47347,             0.34655,             0.11933,            0.069385,            0.011781,                   0,           0.0058778,           0.0058778,            0.017078
                 127,            0.041276,           0.0061592,                   0,             0.58321,             0.36842,             0.28931,            0.070219,            0.071137,            0.011736,                   0,           0.0058832,           0.0058832,            0.016383
                 128,            0.041281,           0.0063852,                   0,             0.64256,             0.47312,             0.40843,              0.1522,            0.065884,            0.011806,                   0,           0.0058879,           0.0058879,            0.015688
                 129,            0.038441,           0.0053815,                   0,             0.69973,             0.36842,             0.35242,             0.13451,            0.070767,            0.011333,                   0,           0.0058918,           0.0058918,            0.014992
                 130,            0.041501,            0.006391,                   0,             0.62498,             0.52632,             0.35174,              0.1454,            0.066226,            0.011191,                   0,            0.005895,            0.005895,            0.014295
                 131,            0.040727,           0.0059178,                   0,             0.40865,             0.47368,             0.28791,              0.1077,            0.065803,            0.012552,                   0,           0.0058975,           0.0058975,            0.013597
                 132,            0.040518,           0.0064222,                   0,             0.49992,             0.26316,             0.28107,            0.070548,             0.07007,            0.014694,                   0,           0.0058992,           0.0058992,            0.012899
                 133,            0.038422,           0.0062441,                   0,             0.53316,             0.42105,             0.28231,              0.1027,            0.064904,            0.012179,                   0,           0.0059002,           0.0059002,              0.0122
                 134,            0.038551,            0.006307,                   0,             0.69182,             0.47368,             0.37216,              0.1554,            0.066619,            0.010869,                   0,           0.0059004,           0.0059004,              0.0115
                 135,            0.037478,            0.005885,                   0,             0.49966,             0.36842,             0.25639,             0.11229,            0.068278,            0.011542,                   0,              0.0059,              0.0059,              0.0108
                 136,             0.04075,           0.0059364,                   0,               0.635,             0.36842,              0.3536,             0.14263,            0.064015,            0.013761,                   0,           0.0058988,           0.0058988,            0.010099
                 137,            0.041223,           0.0062132,                   0,             0.58727,             0.52632,             0.43046,             0.17726,            0.060398,            0.012603,                   0,           0.0058968,           0.0058968,           0.0093968
                 138,            0.039032,           0.0064464,                   0,             0.39891,             0.42105,             0.25735,            0.071908,            0.073071,             0.01224,                   0,           0.0058942,           0.0058942,           0.0086942
                 139,            0.039874,           0.0060334,                   0,             0.49902,             0.36842,             0.38619,             0.12591,            0.065661,            0.011939,                   0,           0.0058909,           0.0058909,           0.0079909
                 140,              0.0394,           0.0062501,                   0,              0.5995,             0.47368,             0.34763,             0.14331,            0.064935,            0.012962,                   0,           0.0058868,           0.0058868,           0.0072868
                 141,             0.03949,           0.0060139,                   0,             0.53828,             0.36842,             0.24859,             0.12742,            0.067675,              0.0125,                   0,            0.005882,            0.005882,            0.006582
                 142,            0.037307,            0.006101,                   0,             0.69202,             0.47368,             0.39831,             0.16071,            0.065426,            0.011384,                   0,           0.0058766,           0.0058766,           0.0058766
                 143,            0.036177,           0.0056503,                   0,             0.69973,             0.36842,             0.35961,             0.13431,            0.072182,            0.010843,                   0,           0.0058766,           0.0058766,           0.0058766
                 144,            0.041215,           0.0061502,                   0,             0.74994,             0.47354,             0.41199,             0.15993,            0.064803,            0.010303,                   0,           0.0058296,           0.0058296,           0.0058296
                 145,            0.037937,           0.0062731,                   0,             0.66666,             0.52632,             0.47319,             0.24279,            0.063341,              0.0104,                   0,           0.0057826,           0.0057826,           0.0057826
                 146,            0.041538,           0.0063601,                   0,             0.72274,             0.57895,             0.49551,             0.20171,            0.061963,            0.010445,                   0,           0.0057355,           0.0057355,           0.0057355
                 147,            0.037449,           0.0060381,                   0,             0.73329,             0.57884,             0.49491,             0.14597,            0.063936,            0.011545,                   0,           0.0056884,           0.0056884,           0.0056884
                 148,            0.039036,           0.0056112,                   0,             0.64691,             0.57895,             0.45675,             0.17967,            0.062775,            0.011298,                   0,           0.0056413,           0.0056413,           0.0056413
                 149,            0.037784,           0.0061209,                   0,             0.52937,             0.47361,             0.41366,             0.16074,            0.062263,            0.012172,                   0,           0.0055942,           0.0055942,           0.0055942
                 150,            0.039424,           0.0057636,                   0,             0.46419,             0.68396,              0.3884,             0.13201,            0.067657,            0.011447,                   0,           0.0055471,           0.0055471,           0.0055471
                 151,            0.036464,           0.0056647,                   0,             0.42031,             0.42105,             0.28517,             0.10508,            0.069118,            0.011314,                   0,              0.0055,              0.0055,              0.0055
                 152,            0.037579,            0.005701,                   0,             0.71428,             0.52632,             0.45271,             0.14605,            0.061565,            0.010027,                   0,           0.0054529,           0.0054529,           0.0054529
                 153,            0.036396,           0.0058095,                   0,             0.64704,             0.57889,              0.4749,             0.16587,            0.062309,            0.010024,                   0,           0.0054058,           0.0054058,           0.0054058
                 154,            0.039396,           0.0059279,                   0,             0.59972,             0.47368,             0.37416,             0.14621,            0.065599,            0.010382,                   0,           0.0053587,           0.0053587,           0.0053587
                 155,            0.038841,           0.0058679,                   0,             0.71418,             0.52632,             0.40497,             0.14732,             0.06511,            0.010414,                   0,           0.0053116,           0.0053116,           0.0053116
                 156,            0.036384,           0.0061608,                   0,             0.71417,             0.52632,             0.40869,             0.13734,             0.06571,            0.010912,                   0,           0.0052645,           0.0052645,           0.0052645
                 157,            0.034098,           0.0057136,                   0,             0.59994,             0.47368,              0.3693,             0.13008,            0.067937,             0.01135,                   0,           0.0052174,           0.0052174,           0.0052174
                 158,            0.038521,           0.0058027,                   0,             0.64209,             0.47368,             0.36482,             0.12963,             0.06515,            0.011396,                   0,           0.0051704,           0.0051704,           0.0051704
                 159,            0.035857,           0.0058943,                   0,             0.59986,             0.47368,              0.3123,             0.14889,            0.066154,            0.011492,                   0,           0.0051234,           0.0051234,           0.0051234
                 160,            0.035863,           0.0056744,                   0,             0.52915,             0.47368,             0.30523,             0.11239,            0.066713,            0.011649,                   0,           0.0050765,           0.0050765,           0.0050765
                 161,            0.034223,           0.0054126,                   0,             0.63624,             0.47368,             0.35899,             0.15985,            0.064127,            0.010993,                   0,           0.0050296,           0.0050296,           0.0050296
                 162,            0.036866,           0.0058793,                   0,             0.64279,             0.47356,             0.33156,             0.13653,            0.068615,            0.011285,                   0,           0.0049828,           0.0049828,           0.0049828
                 163,            0.037845,           0.0059997,                   0,              0.5712,             0.42105,             0.36395,              0.1197,             0.06926,            0.011741,                   0,            0.004936,            0.004936,            0.004936
                 164,            0.032625,           0.0053053,                   0,             0.52914,             0.47368,             0.32407,              0.1222,            0.068119,            0.011957,                   0,           0.0048893,           0.0048893,           0.0048893
                 165,            0.037285,           0.0058212,                   0,             0.47365,             0.47368,             0.35333,             0.12715,            0.069547,            0.012102,                   0,           0.0048426,           0.0048426,           0.0048426
                 166,            0.038051,           0.0054634,                   0,             0.49997,             0.57895,             0.41238,             0.13003,             0.06932,            0.011547,                   0,            0.004796,            0.004796,            0.004796
                 167,            0.035423,           0.0055798,                   0,             0.49983,             0.47368,             0.35559,             0.12231,            0.067675,            0.011347,                   0,           0.0047495,           0.0047495,           0.0047495
                 168,            0.031985,            0.005358,                   0,             0.61502,             0.42105,             0.36902,             0.14369,            0.064895,             0.01062,                   0,           0.0047031,           0.0047031,           0.0047031
                 169,            0.039099,           0.0058655,                   0,             0.66624,             0.42105,             0.39981,             0.14292,            0.064817,            0.011117,                   0,           0.0046568,           0.0046568,           0.0046568
                 170,            0.033146,           0.0055883,                   0,              0.5986,             0.31579,             0.33476,             0.16481,            0.068676,            0.011252,                   0,           0.0046105,           0.0046105,           0.0046105
                 171,            0.034439,           0.0054399,                   0,             0.35982,             0.47334,             0.35229,             0.15366,             0.07053,            0.011652,                   0,           0.0045644,           0.0045644,           0.0045644
                 172,            0.032581,           0.0050563,                   0,             0.35981,             0.47331,              0.3475,             0.14023,            0.070489,            0.011936,                   0,           0.0045184,           0.0045184,           0.0045184
                 173,            0.030449,           0.0050707,                   0,             0.66544,             0.42105,             0.39704,             0.14752,              0.0683,            0.011364,                   0,           0.0044724,           0.0044724,           0.0044724
                 174,            0.031526,           0.0055538,                   0,             0.49998,             0.47365,             0.37773,              0.1756,            0.066867,            0.010939,                   0,           0.0044266,           0.0044266,           0.0044266
                 175,            0.032379,           0.0053453,                   0,             0.53323,             0.42105,              0.2876,             0.12483,            0.068895,            0.011162,                   0,           0.0043809,           0.0043809,           0.0043809
                 176,            0.031043,           0.0048254,                   0,             0.55958,             0.47368,             0.35727,             0.13908,             0.06659,             0.01083,                   0,           0.0043353,           0.0043353,           0.0043353
                 177,            0.034385,           0.0053311,                   0,             0.33328,             0.36842,             0.30032,             0.11384,            0.071571,            0.011596,                   0,           0.0042899,           0.0042899,           0.0042899
                 178,            0.035593,           0.0053519,                   0,             0.41169,             0.36842,             0.30994,             0.10838,            0.070278,            0.012067,                   0,           0.0042445,           0.0042445,           0.0042445
                 179,            0.032447,           0.0050713,                   0,             0.33329,             0.42098,             0.33748,             0.13122,            0.070341,            0.011527,                   0,           0.0041994,           0.0041994,           0.0041994
                 180,            0.032616,           0.0055587,                   0,             0.35984,             0.47368,             0.32721,             0.14503,            0.069495,            0.011946,                   0,           0.0041543,           0.0041543,           0.0041543
                 181,            0.030008,           0.0048555,                   0,             0.49982,             0.42077,             0.29362,             0.12684,            0.067567,            0.011904,                   0,           0.0041094,           0.0041094,           0.0041094
                 182,            0.030083,           0.0055782,                   0,             0.44992,             0.47353,             0.31932,             0.13731,            0.067808,            0.012047,                   0,           0.0040647,           0.0040647,           0.0040647
                 183,            0.031235,           0.0054856,                   0,             0.53297,             0.42105,             0.37354,             0.13672,            0.068812,            0.012744,                   0,           0.0040201,           0.0040201,           0.0040201
                 184,            0.028615,           0.0048067,                   0,             0.49987,             0.42085,             0.34926,             0.12177,            0.069654,            0.013572,                   0,           0.0039757,           0.0039757,           0.0039757
                 185,            0.031817,           0.0049078,                   0,             0.39104,             0.47368,              0.3389,             0.14713,            0.067115,            0.013053,                   0,           0.0039314,           0.0039314,           0.0039314
                 186,            0.031701,           0.0048307,                   0,             0.49993,             0.47368,             0.31431,             0.11586,            0.066445,            0.012396,                   0,           0.0038873,           0.0038873,           0.0038873
                 187,            0.030236,           0.0049738,                   0,             0.39083,             0.47368,             0.27044,             0.10582,             0.06924,            0.012361,                   0,           0.0038434,           0.0038434,           0.0038434
                 188,            0.029691,           0.0047831,                   0,             0.40861,             0.47368,             0.34772,             0.11207,            0.069665,            0.012923,                   0,           0.0037997,           0.0037997,           0.0037997
                 189,            0.030487,           0.0050732,                   0,             0.56227,             0.47368,             0.35502,             0.14074,             0.06398,            0.012694,                   0,           0.0037562,           0.0037562,           0.0037562
                 190,            0.032185,           0.0055869,                   0,             0.56233,             0.47368,             0.35769,             0.14605,            0.065101,             0.01205,                   0,           0.0037128,           0.0037128,           0.0037128
                 191,            0.029459,           0.0050416,                   0,             0.64097,             0.47368,             0.36759,             0.15276,            0.066272,            0.011894,                   0,           0.0036697,           0.0036697,           0.0036697
                 192,            0.030597,           0.0049578,                   0,             0.53843,             0.36842,             0.31321,              0.1288,            0.071574,            0.011978,                   0,           0.0036267,           0.0036267,           0.0036267
                 193,            0.029638,            0.005067,                   0,             0.44432,             0.42085,             0.32556,              0.1377,             0.07198,            0.011991,                   0,            0.003584,            0.003584,            0.003584
                 194,            0.030256,           0.0051742,                   0,             0.63632,             0.36842,             0.38456,             0.12768,            0.072553,            0.011984,                   0,           0.0035415,           0.0035415,           0.0035415
                 195,             0.02799,           0.0049568,                   0,             0.52928,             0.47344,             0.42541,             0.14312,            0.066541,            0.012064,                   0,           0.0034991,           0.0034991,           0.0034991
                 196,            0.030538,           0.0047163,                   0,             0.59997,             0.47368,             0.37718,             0.15541,            0.066979,            0.012201,                   0,            0.003457,            0.003457,            0.003457
                 197,             0.02865,           0.0050572,                   0,             0.59999,             0.47366,             0.38032,             0.14729,            0.067381,            0.011956,                   0,           0.0034152,           0.0034152,           0.0034152
                 198,            0.030369,           0.0051553,                   0,              0.5999,              0.4735,             0.35652,             0.13577,            0.069056,            0.011898,                   0,           0.0033735,           0.0033735,           0.0033735
                 199,            0.028608,           0.0048066,                   0,             0.61506,             0.42105,             0.34806,             0.16421,            0.066876,            0.011546,                   0,           0.0033321,           0.0033321,           0.0033321
                 200,            0.027846,           0.0046839,                   0,             0.59991,             0.47368,             0.39188,             0.18557,            0.065338,              0.0112,                   0,           0.0032909,           0.0032909,           0.0032909
                 201,             0.02806,            0.004712,                   0,               0.642,             0.47368,             0.42429,             0.16774,            0.064109,            0.011465,                   0,             0.00325,             0.00325,             0.00325
                 202,            0.027352,           0.0047824,                   0,             0.72674,             0.42105,             0.43835,             0.20651,             0.06236,            0.011403,                   0,           0.0032093,           0.0032093,           0.0032093
                 203,            0.027417,           0.0044912,                   0,              0.7488,             0.47368,             0.54108,             0.21835,            0.061718,            0.011122,                   0,           0.0031689,           0.0031689,           0.0031689
                 204,            0.027262,            0.004601,                   0,             0.45807,             0.57837,             0.42467,             0.14939,            0.066908,            0.012226,                   0,           0.0031287,           0.0031287,           0.0031287
                 205,            0.027849,           0.0047573,                   0,              0.6469,             0.57895,             0.50089,             0.16064,            0.062457,            0.012031,                   0,           0.0030888,           0.0030888,           0.0030888
                 206,            0.029296,           0.0048233,                   0,             0.74955,             0.47368,             0.49194,             0.16061,            0.064646,            0.012562,                   0,           0.0030491,           0.0030491,           0.0030491
                 207,            0.029121,           0.0049062,                   0,             0.64682,             0.57895,             0.49851,             0.17845,            0.061666,            0.012006,                   0,           0.0030097,           0.0030097,           0.0030097
                 208,            0.027183,           0.0045154,                   0,             0.42796,             0.63158,             0.40651,             0.17317,            0.062952,            0.011795,                   0,           0.0029706,           0.0029706,           0.0029706
                 209,            0.026337,           0.0048764,                   0,             0.52931,             0.47368,             0.36852,             0.15941,            0.064989,            0.011555,                   0,           0.0029318,           0.0029318,           0.0029318
                 210,            0.025807,           0.0047566,                   0,             0.56249,             0.47368,             0.39175,             0.17827,            0.065878,            0.011486,                   0,           0.0028932,           0.0028932,           0.0028932
                 211,            0.026333,           0.0045869,                   0,             0.56246,             0.47368,             0.40975,              0.1894,            0.064424,            0.011223,                   0,            0.002855,            0.002855,            0.002855
                 212,            0.027119,           0.0046371,                   0,                 0.6,             0.47368,             0.41989,             0.18422,            0.064718,            0.011686,                   0,            0.002817,            0.002817,            0.002817
                 213,            0.030465,           0.0047678,                   0,             0.53322,             0.42105,             0.37065,              0.1501,            0.066338,            0.011618,                   0,           0.0027793,           0.0027793,           0.0027793
                 214,            0.028697,           0.0044203,                   0,             0.56241,             0.47368,             0.41018,             0.17384,            0.063764,             0.01151,                   0,           0.0027419,           0.0027419,           0.0027419
                 215,            0.025973,           0.0046437,                   0,             0.49972,             0.47368,             0.42625,             0.20503,            0.065095,            0.011804,                   0,           0.0027048,           0.0027048,           0.0027048
                 216,             0.02591,           0.0047457,                   0,             0.49996,             0.52632,             0.40369,             0.17965,            0.065891,             0.01197,                   0,           0.0026681,           0.0026681,           0.0026681
                 217,            0.025936,           0.0048144,                   0,             0.52629,             0.52627,             0.39095,             0.16013,            0.066781,             0.01159,                   0,           0.0026316,           0.0026316,           0.0026316
                 218,            0.025254,           0.0045453,                   0,             0.57887,             0.57878,             0.43849,             0.16768,            0.063059,            0.011195,                   0,           0.0025954,           0.0025954,           0.0025954
                 219,            0.025658,           0.0045603,                   0,             0.64268,             0.47335,             0.46218,             0.17094,            0.065038,            0.011367,                   0,           0.0025596,           0.0025596,           0.0025596
                 220,            0.025469,           0.0043933,                   0,             0.52627,             0.52632,               0.442,             0.16723,            0.065023,            0.011273,                   0,           0.0025241,           0.0025241,           0.0025241
                 221,            0.025641,           0.0044609,                   0,              0.6109,             0.57847,             0.47738,             0.17742,            0.064876,            0.011379,                   0,           0.0024889,           0.0024889,           0.0024889
                 222,            0.026803,           0.0046836,                   0,             0.59966,             0.63158,             0.47642,             0.15964,            0.064353,            0.011789,                   0,           0.0024541,           0.0024541,           0.0024541
                 223,            0.025814,           0.0045992,                   0,             0.54998,             0.57889,             0.44407,             0.16037,            0.064101,            0.011593,                   0,           0.0024195,           0.0024195,           0.0024195
                 224,            0.025084,           0.0045505,                   0,             0.58808,             0.52632,              0.4161,               0.126,            0.064208,            0.012039,                   0,           0.0023854,           0.0023854,           0.0023854
                 225,            0.024272,           0.0044294,                   0,             0.44386,             0.63158,             0.35752,             0.13321,            0.065481,            0.012488,                   0,           0.0023515,           0.0023515,           0.0023515
                 226,            0.025356,           0.0047335,                   0,             0.59953,             0.47368,             0.40456,             0.13239,            0.065673,            0.012304,                   0,            0.002318,            0.002318,            0.002318
                 227,            0.025934,           0.0042967,                   0,             0.58817,             0.52632,             0.44344,             0.17907,            0.065324,            0.011845,                   0,           0.0022849,           0.0022849,           0.0022849
                 228,            0.024354,           0.0042432,                   0,             0.69218,             0.47342,             0.46382,              0.1762,            0.065267,            0.011643,                   0,           0.0022521,           0.0022521,           0.0022521
                 229,            0.023889,           0.0043955,                   0,             0.62497,             0.52632,             0.47428,             0.19499,            0.064301,             0.01158,                   0,           0.0022196,           0.0022196,           0.0022196
                 230,            0.024556,           0.0044538,                   0,             0.66645,             0.42105,             0.39871,             0.15795,            0.064189,            0.011729,                   0,           0.0021876,           0.0021876,           0.0021876
                 231,            0.023169,           0.0043155,                   0,             0.69213,             0.47368,             0.43409,               0.196,            0.063901,            0.011429,                   0,           0.0021558,           0.0021558,           0.0021558
                 232,            0.024893,           0.0045946,                   0,             0.69226,             0.47359,              0.4032,             0.17948,             0.06411,            0.011354,                   0,           0.0021245,           0.0021245,           0.0021245
                 233,             0.02469,           0.0042105,                   0,              0.6665,             0.63158,             0.50462,             0.18308,            0.062919,            0.011434,                   0,           0.0020935,           0.0020935,           0.0020935
                 234,            0.024331,           0.0043155,                   0,             0.55555,              0.5263,             0.40115,             0.15398,            0.063966,            0.011972,                   0,           0.0020629,           0.0020629,           0.0020629
                 235,            0.023276,           0.0046722,                   0,             0.66642,             0.42062,             0.40464,             0.14618,            0.066161,             0.01225,                   0,           0.0020327,           0.0020327,           0.0020327
                 236,            0.024543,           0.0042754,                   0,             0.59863,             0.47368,             0.40146,             0.16495,            0.066388,            0.012049,                   0,           0.0020028,           0.0020028,           0.0020028
                 237,            0.025449,           0.0046894,                   0,             0.69226,             0.47368,             0.43472,             0.17204,            0.066649,            0.012057,                   0,           0.0019734,           0.0019734,           0.0019734
                 238,            0.024345,           0.0041823,                   0,             0.69155,             0.47368,             0.46081,             0.16846,            0.065839,            0.012129,                   0,           0.0019443,           0.0019443,           0.0019443
                 239,            0.023931,           0.0042924,                   0,             0.69069,             0.47368,             0.45434,             0.15428,            0.066757,            0.012115,                   0,           0.0019156,           0.0019156,           0.0019156
                 240,            0.023451,           0.0041789,                   0,             0.69208,             0.47322,             0.40813,             0.16132,             0.06533,            0.012058,                   0,           0.0018873,           0.0018873,           0.0018873
                 241,            0.023468,           0.0044905,                   0,             0.69165,             0.47368,              0.3896,             0.15638,            0.065493,            0.012235,                   0,           0.0018594,           0.0018594,           0.0018594
                 242,            0.024005,           0.0041862,                   0,             0.61367,             0.42105,             0.38427,             0.17167,            0.065492,            0.012032,                   0,           0.0018319,           0.0018319,           0.0018319
                 243,            0.024123,           0.0044198,                   0,             0.64279,             0.47368,             0.44493,             0.17342,            0.064622,            0.011967,                   0,           0.0018048,           0.0018048,           0.0018048
                 244,            0.023891,           0.0042469,                   0,             0.68903,             0.47368,             0.44205,             0.17849,            0.064032,            0.012278,                   0,           0.0017781,           0.0017781,           0.0017781
                 245,            0.023047,           0.0044657,                   0,              0.6915,             0.47204,             0.38263,             0.17105,            0.063788,            0.012585,                   0,           0.0017519,           0.0017519,           0.0017519
